{
  "no_adapt": {
    "mean_gain": 0.0,
    "ci_lower": 0.0,
    "ci_upper": 0.0,
    "cohens_d": 0.0,
    "neg_rate": 0.0
  },
  "entropy_tta": {
    "mean_gain": -0.18868787586688995,
    "ci_lower": -0.22803859412670135,
    "ci_upper": -0.15056009590625763,
    "cohens_d": -3.324361562728882,
    "neg_rate": 1.0
  },
  "physics_tta": {
    "mean_gain": -0.05658073350787163,
    "ci_lower": -0.07432583719491959,
    "ci_upper": -0.03867480158805847,
    "cohens_d": -2.209268808364868,
    "neg_rate": 0.9333333373069763
  },
  "safe_physics_tta": {
    "mean_gain": -0.041308607906103134,
    "ci_lower": -0.06517914682626724,
    "ci_upper": -0.02045818790793419,
    "cohens_d": -1.2693419456481934,
    "neg_rate": 0.6000000238418579
  },
  "selective_physics_tta": {
    "mean_gain": -0.0099351666867733,
    "ci_lower": -0.022254502400755882,
    "ci_upper": 0.0010101101361215115,
    "cohens_d": -0.5743275284767151,
    "neg_rate": 0.5333333611488342
  },
  "tent": {
    "mean_gain": -0.005673652049154043,
    "ci_lower": -0.012724384665489197,
    "ci_upper": 0.0007085783872753382,
    "cohens_d": -0.584699273109436,
    "neg_rate": 0.5333333611488342
  },
  "shot": {
    "mean_gain": -0.059686411172151566,
    "ci_lower": -0.07968740910291672,
    "ci_upper": -0.040062315762043,
    "cohens_d": -2.0231070518493652,
    "neg_rate": 0.8666666746139526
  },
  "t3a": {
    "mean_gain": -0.18499420583248138,
    "ci_lower": -0.2202448695898056,
    "ci_upper": -0.15337881445884705,
    "cohens_d": -3.8858602046966553,
    "neg_rate": 1.0
  }
}