{
  "mlp": {
    "methods": {
      "no_adapt": {
        "mean": 0.0,
        "std": 0.0,
        "n": 15
      },
      "bn_reset": {
        "mean": 0.0,
        "std": 0.0,
        "n": 15
      },
      "entropy_tta": {
        "mean": -0.014056224899598397,
        "std": 0.019701923314040408,
        "n": 15
      },
      "tent": {
        "mean": 0.0003569834895136033,
        "std": 0.0016732113573630315,
        "n": 15
      },
      "physics_tta": {
        "mean": -0.0053993752788933595,
        "std": 0.013298383670288683,
        "n": 15
      },
      "selective_physics_tta": {
        "mean": -0.0053993752788933595,
        "std": 0.013298383670288683,
        "n": 15
      }
    },
    "base": 0.35568942436412315,
    "src": 0.9475871687587166
  },
  "mlp_bn": {
    "methods": {
      "no_adapt": {
        "mean": 0.0,
        "std": 0.0,
        "n": 15
      },
      "bn_reset": {
        "mean": -0.011111111111111112,
        "std": 0.012273660072237859,
        "n": 15
      },
      "entropy_tta": {
        "mean": -0.004685408299866123,
        "std": 0.008413524156610803,
        "n": 15
      },
      "tent": {
        "mean": -0.006113342257920569,
        "std": 0.006225819178797029,
        "n": 15
      },
      "physics_tta": {
        "mean": -0.0050870147255689425,
        "std": 0.009379736941209282,
        "n": 15
      },
      "selective_physics_tta": {
        "mean": -0.0050870147255689425,
        "std": 0.009379736941209282,
        "n": 15
      }
    },
    "base": 0.3731816153502901,
    "src": 0.9852859135285913
  }
}