{
  "mlp": {
    "no_adapt": {
      "gain": 0.0,
      "std": 0.0,
      "n": 15
    },
    "entropy_tta": {
      "gain": -0.01579651941097724,
      "std": 0.02142430768917917,
      "n": 15
    },
    "tent": {
      "gain": 0.00013386880856760912,
      "std": 0.0014082761122766014,
      "n": 15
    },
    "physics_tta": {
      "gain": -0.002008032128514059,
      "std": 0.015218318578458864,
      "n": 15
    },
    "selective_physics_tta": {
      "gain": -0.002008032128514059,
      "std": 0.015218318578458864,
      "n": 15
    },
    "base": 0.35734047300312366,
    "src": 0.9607112970711297
  },
  "mlp_bn": {
    "no_adapt": {
      "gain": 0.0,
      "std": 0.0,
      "n": 15
    },
    "entropy_tta": {
      "gain": -0.005622489959839352,
      "std": 0.009386103423270736,
      "n": 15
    },
    "tent": {
      "gain": -0.005042391789379737,
      "std": 0.010809071594263909,
      "n": 15
    },
    "physics_tta": {
      "gain": -0.005488621151271748,
      "std": 0.012048688571284995,
      "n": 15
    },
    "selective_physics_tta": {
      "gain": -0.005488621151271748,
      "std": 0.012048688571284995,
      "n": 15
    },
    "base": 0.36903168228469435,
    "src": 0.9686192468619247
  }
}