{
  "widar_bvp": {
    "no_adapt": {
      "gain": 0.0,
      "std": 0.0,
      "n": 15
    },
    "entropy_tta": {
      "gain": -0.019901829540383744,
      "std": 0.01624814185883268,
      "n": 15
    },
    "tent": {
      "gain": 4.4622936189209204e-05,
      "std": 0.0009917943226636782,
      "n": 15
    },
    "physics_tta": {
      "gain": -0.0010263275323516192,
      "std": 0.01518072026823058,
      "n": 15
    },
    "selective_physics_tta": {
      "gain": -0.0010263275323516192,
      "std": 0.01518072026823058,
      "n": 15
    },
    "base": 0.3594823739402054,
    "src": 0.9213668061366806
  },
  "ntufi_har": {
    "no_adapt": {
      "gain": 0.0,
      "std": 0.0,
      "n": 15
    },
    "entropy_tta": {
      "gain": -0.12964973114226844,
      "std": 0.0725163816703998,
      "n": 15
    },
    "tent": {
      "gain": -0.013055932458917533,
      "std": 0.01959646583885592,
      "n": 15
    },
    "physics_tta": {
      "gain": -0.03066485753052916,
      "std": 0.031060266780173568,
      "n": 15
    },
    "selective_physics_tta": {
      "gain": -0.03066485753052916,
      "std": 0.031060266780173568,
      "n": 15
    },
    "base": 0.7967887833559477,
    "src": 0.9596732596518084
  },
  "signfi_top10": {
    "no_adapt": {
      "gain": 0.0,
      "std": 0.0,
      "n": 15
    },
    "entropy_tta": {
      "gain": -0.07587301587301587,
      "std": 0.07657574548888264,
      "n": 15
    },
    "tent": {
      "gain": -0.03619047619047619,
      "std": 0.05442755071325543,
      "n": 15
    },
    "physics_tta": {
      "gain": -0.04603174603174603,
      "std": 0.05014466348867083,
      "n": 15
    },
    "selective_physics_tta": {
      "gain": -0.04603174603174603,
      "std": 0.05014466348867083,
      "n": 15
    },
    "base": 0.16698412698412698,
    "src": 0.14056776556776557
  }
}