{
  "ntufi_har": {
    "no_adapt": {
      "gain": 0.0,
      "std": 0.0,
      "n": 15
    },
    "entropy_tta": {
      "gain": 0.0009598472285039368,
      "std": 0.027491452367046063,
      "n": 15
    },
    "tent": {
      "gain": 0.0026936026936026963,
      "std": 0.018907269237687097,
      "n": 15
    },
    "physics_tta": {
      "gain": -0.0013719282375998767,
      "std": 0.027556603287500692,
      "n": 15
    },
    "selective_physics_tta": {
      "gain": -0.0013719282375998767,
      "std": 0.027556603287500692,
      "n": 15
    },
    "base": 0.8977637067189305,
    "src": 0.9977182128573775
  },
  "signfi_top10": {
    "no_adapt": {
      "gain": 0.0,
      "std": 0.0,
      "n": 15
    },
    "entropy_tta": {
      "gain": 0.15555555555555556,
      "std": 0.14389744675520014,
      "n": 15
    },
    "tent": {
      "gain": 0.21079365079365078,
      "std": 0.16402409964944184,
      "n": 15
    },
    "physics_tta": {
      "gain": 0.12317460317460317,
      "std": 0.1510844314182689,
      "n": 15
    },
    "selective_physics_tta": {
      "gain": 0.12317460317460317,
      "std": 0.1510844314182689,
      "n": 15
    },
    "base": 0.25777777777777783,
    "src": 0.39876373626373623
  }
}