{
  "0.0": {
    "base": 0.3553324408746095,
    "no_adapt": {
      "gain": 0.0,
      "ci_lo": 0.0,
      "ci_hi": 0.0,
      "d": 0.0,
      "nr": 0.0
    },
    "entropy_tta": {
      "gain": -0.011735831387341022,
      "ci_lo": -0.01842927187681198,
      "ci_hi": -0.005667112767696381,
      "d": -1.2717944383621216,
      "nr": 0.8666666746139526
    },
    "tent": {
      "gain": -0.00035698350984603167,
      "ci_lo": -0.0014725568471476436,
      "ci_hi": 0.0008478357922285795,
      "d": -0.21921628713607788,
      "nr": 0.46666666865348816
    },
    "physics_tta": {
      "gain": -0.0028112453874200583,
      "ci_lo": -0.008612226694822311,
      "ci_hi": 0.0032574741635471582,
      "d": -0.3240233361721039,
      "nr": 0.6000000238418579
    },
    "selective_physics_tta": {
      "gain": -0.0028112453874200583,
      "ci_lo": -0.008746095933020115,
      "ci_hi": 0.003346719779074192,
      "d": -0.3240233361721039,
      "nr": 0.6000000238418579
    }
  },
  "0.1": {
    "base": 0.3611334225792058,
    "no_adapt": {
      "gain": 0.0,
      "ci_lo": 0.0,
      "ci_hi": 0.0,
      "d": 0.0,
      "nr": 0.0
    },
    "entropy_tta": {
      "gain": -0.012672915123403072,
      "ci_lo": -0.021954484283924103,
      "ci_hi": -0.0037483267951756716,
      "d": -0.9543264508247375,
      "nr": 0.800000011920929
    },
    "tent": {
      "gain": -0.0001338687725365162,
      "ci_lo": -0.0008924586581997573,
      "ci_hi": 0.0005800981307402253,
      "d": -0.12796194851398468,
      "nr": 0.3333333432674408
    },
    "physics_tta": {
      "gain": 0.001115573337301612,
      "ci_lo": -0.004417670890688896,
      "ci_hi": 0.0065607051365077496,
      "d": 0.13948984444141388,
      "nr": 0.4000000059604645
    },
    "selective_physics_tta": {
      "gain": 0.001115573337301612,
      "ci_lo": -0.004551539197564125,
      "ci_hi": 0.0065607051365077496,
      "d": 0.13948984444141388,
      "nr": 0.4000000059604645
    }
  },
  "0.2": {
    "base": 0.3593038821954485,
    "no_adapt": {
      "gain": 0.0,
      "ci_lo": 0.0,
      "ci_hi": 0.0,
      "d": 0.0,
      "nr": 0.0
    },
    "entropy_tta": {
      "gain": -0.010040161199867725,
      "ci_lo": -0.021195892244577408,
      "ci_hi": 0.0007585903513245285,
      "d": -0.6356519460678101,
      "nr": 0.7333333492279053
    },
    "tent": {
      "gain": -0.00035698350984603167,
      "ci_lo": -0.0013386879581958055,
      "ci_hi": 0.0004908523405902088,
      "d": -0.2744554281234741,
      "nr": 0.46666666865348816
    },
    "physics_tta": {
      "gain": -0.0035698353312909603,
      "ci_lo": -0.009193440899252892,
      "ci_hi": 0.0024096383713185787,
      "d": -0.4261637330055237,
      "nr": 0.6000000238418579
    },
    "selective_physics_tta": {
      "gain": -0.0035698353312909603,
      "ci_lo": -0.00914770271629095,
      "ci_hi": 0.0023215259425342083,
      "d": -0.4261637330055237,
      "nr": 0.6000000238418579
    }
  }
}