{
  "wifi_5ghz": {
    "no_adapt": {
      "gain": 0.0,
      "ci_lo": 0.0,
      "ci_hi": 0.0,
      "d": 0.0,
      "nr": 0.0
    },
    "entropy_tta": {
      "gain": -0.12222222983837128,
      "ci_lo": -0.25555557012557983,
      "ci_hi": 0.0,
      "d": -1.0257552862167358,
      "nr": 0.4000000059604645
    },
    "tent": {
      "gain": -0.05000000074505806,
      "ci_lo": -0.1666666716337204,
      "ci_hi": 0.01666666753590107,
      "d": -0.5528655648231506,
      "nr": 0.20000000298023224
    },
    "physics_tta": {
      "gain": 0.08333335071802139,
      "ci_lo": -0.0833333358168602,
      "ci_hi": 0.25555557012557983,
      "d": 0.5222330689430237,
      "nr": 0.20000000298023224
    },
    "selective_physics_tta": {
      "gain": 0.05000000074505806,
      "ci_lo": 0.00555555522441864,
      "ci_hi": 0.111111119389534,
      "d": 1.0223312377929688,
      "nr": 0.20000000298023224
    }
  },
  "wifi_2.4ghz": {
    "no_adapt": {
      "gain": 0.0,
      "ci_lo": 0.0,
      "ci_hi": 0.0,
      "d": 0.0,
      "nr": 0.0
    },
    "entropy_tta": {
      "gain": -0.12222222983837128,
      "ci_lo": -0.25555557012557983,
      "ci_hi": 0.0,
      "d": -1.0257552862167358,
      "nr": 0.4000000059604645
    },
    "tent": {
      "gain": -0.05000000074505806,
      "ci_lo": -0.1666666716337204,
      "ci_hi": 0.01666666753590107,
      "d": -0.5528655648231506,
      "nr": 0.20000000298023224
    },
    "physics_tta": {
      "gain": 0.08333335071802139,
      "ci_lo": -0.0833333358168602,
      "ci_hi": 0.25555557012557983,
      "d": 0.5222330689430237,
      "nr": 0.20000000298023224
    },
    "selective_physics_tta": {
      "gain": 0.05000000074505806,
      "ci_lo": 0.00555555522441864,
      "ci_hi": 0.111111119389534,
      "d": 1.0223312377929688,
      "nr": 0.20000000298023224
    }
  },
  "strong_shift": {
    "no_adapt": {
      "gain": 0.0,
      "ci_lo": 0.0,
      "ci_hi": 0.0,
      "d": 0.0,
      "nr": 0.0
    },
    "entropy_tta": {
      "gain": -0.0055555556900799274,
      "ci_lo": -0.01666666753590107,
      "ci_hi": 0.0,
      "d": -0.6324555277824402,
      "nr": 0.20000000298023224
    },
    "tent": {
      "gain": -0.0055555556900799274,
      "ci_lo": -0.01666666753590107,
      "ci_hi": 0.0,
      "d": -0.6324555277824402,
      "nr": 0.20000000298023224
    },
    "physics_tta": {
      "gain": 0.1388888955116272,
      "ci_lo": 0.01666666753590107,
      "ci_hi": 0.277777761220932,
      "d": 1.1704115867614746,
      "nr": 0.0
    },
    "selective_physics_tta": {
      "gain": 0.12222220748662949,
      "ci_lo": 2.2204460823375376e-17,
      "ci_hi": 0.24444444477558136,
      "d": 1.0327954292297363,
      "nr": 0.20000000298023224
    }
  },
  "mild_shift": {
    "no_adapt": {
      "gain": 0.0,
      "ci_lo": 0.0,
      "ci_hi": 0.0,
      "d": 0.0,
      "nr": 0.0
    },
    "entropy_tta": {
      "gain": -0.14444443583488464,
      "ci_lo": -0.27222222089767456,
      "ci_hi": -0.01666666753590107,
      "d": -1.1821234226226807,
      "nr": 0.800000011920929
    },
    "tent": {
      "gain": -0.0833333358168602,
      "ci_lo": -0.21111111342906952,
      "ci_hi": -0.0055555556900799274,
      "d": -0.8320502638816833,
      "nr": 0.6000000238418579
    },
    "physics_tta": {
      "gain": 0.0,
      "ci_lo": -0.1666666716337204,
      "ci_hi": 0.1666666716337204,
      "d": 0.0,
      "nr": 0.20000000298023224
    },
    "selective_physics_tta": {
      "gain": 0.005555556621402502,
      "ci_lo": -2.317958491815375e-09,
      "ci_hi": 0.01666666381061077,
      "d": 0.6324559450149536,
      "nr": 0.20000000298023224
    }
  }
}