{
  "no_adapt": {
    "mean_gain": 0.0,
    "ci_lower": 0.0,
    "ci_upper": 0.0,
    "cohens_d": 0.0,
    "neg_rate": 0.0
  },
  "entropy_tta": {
    "mean_gain": -0.11428571492433548,
    "ci_lower": -0.1654047966003418,
    "ci_upper": -0.06666667014360428,
    "cohens_d": -1.6022905111312866,
    "neg_rate": 0.7333333492279053
  },
  "tent": {
    "mean_gain": -0.06952381134033203,
    "ci_lower": -0.1168253943324089,
    "ci_upper": -0.029523810371756554,
    "cohens_d": -1.0769953727722168,
    "neg_rate": 0.5333333611488342
  },
  "physics_tta": {
    "mean_gain": -0.12253968417644501,
    "ci_lower": -0.1812698394060135,
    "ci_upper": -0.061896707862615585,
    "cohens_d": -1.4298712015151978,
    "neg_rate": 0.800000011920929
  },
  "selective_physics_tta": {
    "mean_gain": -0.008253962732851505,
    "ci_lower": -0.020317457616329193,
    "ci_upper": 7.133875268294787e-09,
    "cohens_d": -0.5340709090232849,
    "neg_rate": 0.13333334028720856
  },
  "shot": {
    "mean_gain": -0.12444444745779037,
    "ci_lower": -0.1644444465637207,
    "ci_upper": -0.08000001311302185,
    "cohens_d": -2.0197255611419678,
    "neg_rate": 0.8666666746139526
  },
  "t3a": {
    "mean_gain": -0.11428571492433548,
    "ci_lower": -0.16508731245994568,
    "ci_upper": -0.06730158627033234,
    "cohens_d": -1.6022906303405762,
    "neg_rate": 0.7333333492279053
  }
}