{
  "no_adapt": {
    "mean_gain": 0.0,
    "ci_lower": 0.0,
    "ci_upper": 0.0,
    "cohens_d": 0.0,
    "neg_rate": 0.0
  },
  "lame": {
    "mean_gain": 0.0,
    "ci_lower": 0.0,
    "ci_upper": 0.0,
    "cohens_d": 0.0,
    "neg_rate": 0.0
  },
  "sar": {
    "mean_gain": -0.07621598243713379,
    "ci_lower": -0.09861668199300766,
    "ci_upper": -0.05430497229099274,
    "cohens_d": -2.343026876449585,
    "neg_rate": 0.9333333373069763
  },
  "cotta": {
    "mean_gain": -0.06577420979738235,
    "ci_lower": -0.09420014172792435,
    "ci_upper": -0.037837982177734375,
    "cohens_d": -1.6135101318359375,
    "neg_rate": 0.800000011920929
  }
}