{
  "mlp": {
    "no_adapt": 0.0,
    "entropy_tta": -0.05577867023650154,
    "tent": 0.00044622936189201806,
    "physics_tta": -0.005354752342704143,
    "selective_physics_tta": -0.005354752342704143
  },
  "cnn1d": {
    "no_adapt": 0.0,
    "entropy_tta": -0.00290049085229808,
    "tent": 0.02632753235162873,
    "physics_tta": 0.016064257028112445,
    "selective_physics_tta": 0.016064257028112445
  }
}