{
  "mlp": {
    "methods": {
      "no_adapt": 0.0,
      "entropy_tta": -0.048862115127175365,
      "tent": 0.0013386880856760541,
      "physics_tta": -0.014725568942436401,
      "selective_physics_tta": -0.014725568942436401
    },
    "base": 0.3611111111111111,
    "src": 0.9141213389121339
  },
  "cnn1d": {
    "methods": {
      "no_adapt": 0.0,
      "entropy_tta": 0.016064257028112455,
      "tent": -0.03514056224899599,
      "physics_tta": 0.015060240963855415,
      "selective_physics_tta": 0.015060240963855415
    },
    "base": 0.31492637215528785,
    "src": 0.30104602510460254
  }
}