{
  "mlp": {
    "methods": {
      "no_adapt": 0.0,
      "entropy_tta": -0.04116465863453814,
      "tent": 0.0006693440428380271,
      "physics_tta": 0.014390896921017388,
      "selective_physics_tta": 0.014390896921017388
    },
    "base": 0.36579651941097724,
    "src": 0.798744769874477,
    "params": 1702440
  },
  "mlp_bn": {
    "methods": {
      "no_adapt": 0.0,
      "entropy_tta": -0.006358768406961174,
      "tent": -0.00502008032128512,
      "physics_tta": -0.005354752342704161,
      "selective_physics_tta": -0.005354752342704161
    },
    "base": 0.3768406961178046,
    "src": 0.9997907949790795,
    "params": 1702824
  },
  "cnn1d": {
    "methods": {
      "no_adapt": 0.0,
      "entropy_tta": -0.037483266398929044,
      "tent": -0.0016733601070950122,
      "physics_tta": -0.01874163319946448,
      "selective_physics_tta": -0.01874163319946448
    },
    "base": 0.33534136546184734,
    "src": 0.4577405857740586,
    "params": 287848
  }
}